source_url,target_url,anchor,link_attribute,authority_score,toxicity_score,toxic_markers,page_title
https://hostprinter.com/all/605/28.html,https://chatrio.app/,"High Quality Dofollow Backlinks DA 50 PA 40 Premium PBN Network Service chatrio.app Rank First Page Google Fast SEO Link Building Buy Backlinks Online Cheap",follow,2,100,"Mirror Pages +3; Subpath +3; +1 more","Boost your Google rankings with Premium PBN & Link Building"
https://bisprofit.com/all/605/28.html,https://chatrio.app/,"High Quality Dofollow Backlinks DA 50 PA 40 Premium PBN Network Service chatrio.app Rank First Page Google Fast SEO Link Building Buy Backlinks Online Cheap",follow,2,89,"Mirror Pages +3; Subpath +3; +1 more","Boost your Google rankings with Premium PBN & Link Building"
https://backlinksolutions.info/domains-registered-on-31-aug-2025-explore-backlinks-for-your-website-31/,https://chatrio.app/,chatrio.app,follow,2,82,"Subpath +2; Title +2","Boost Organic Traffic, Rankings & Authority with 100% Premium Backlinks - Rankvance.com Backlink Agency"
https://rankvancelinks.info/domains-registered-on-31-aug-2025-explore-backlinks-for-your-website-31/,https://chatrio.app/,chatrio.app,follow,2,80,"Subpath +2; Title +2","Boost Organic Traffic, Rankings & Authority with 100% Premium Backlinks - Rankvance.com Backlink Agency"
https://rankvancelinks.online/domains-registered-on-31-aug-2025-explore-backlinks-for-your-website-31/,https://chatrio.app/,chatrio.app,follow,2,80,"Subpath +2; Title +2","Boost Organic Traffic, Rankings & Authority with 100% Premium Backlinks - Rankvance.com Backlink Agency"
https://cindylaup.com/all/605/28.html,https://chatrio.app/,"High Quality Dofollow Backlinks DA 50 PA 40 Premium PBN Network Service chatrio.app Rank First Page Google Fast SEO Link Building Buy Backlinks Online Cheap",follow,2,73,"Mirror Pages +3; Subpath +3; +1 more","Boost your Google rankings with Premium PBN & Link Building"
https://www.bazerdaily.com/all/605/28.html,https://chatrio.app/,"High Quality Dofollow Backlinks DA 50 PA 40 Premium PBN Network Service chatrio.app Rank First Page Google Fast SEO Link Building Buy Backlinks Online Cheap",follow,2,73,"Mirror Pages +3; Subpath +3; +1 more","Boost your Google rankings with Premium PBN & Link Building"
https://buzzshrink.website/share/112209,https://chatrio.app/,chatrio.app,nofollow,5,44,"IP +11; Mirror Pages +11; +2 more","URL Shared"
https://backlinks-checker.com/share/112209,https://chatrio.app/,chatrio.app,nofollow,5,44,"IP +11; Mirror Pages +11; +2 more","URL Shared"
https://optimizeflow.top/stats/112209,https://chatrio.app/,chatrio.app,nofollow,5,44,"IP +11; Mirror Pages +11; +2 more","Website Stats"
https://screenshots.wiki/report/112209,https://chatrio.app/,chatrio.app,nofollow,5,44,"IP +11; Mirror Pages +11; +2 more","Domain Report"
https://drjack.world/report/112209,https://chatrio.app/,chatrio.app,nofollow,21,42,"IP +11; Mirror Pages +11; +2 more","Domain Report"
https://analyticshaven.top/stats/112209,https://chatrio.app/,chatrio.app,nofollow,5,42,"IP +11; Mirror Pages +11; +2 more","Website Stats"
https://byteshort.xyz/report/112209,https://chatrio.app/,chatrio.app,nofollow,5,40,"IP +11; Mirror Pages +11; +2 more","Domain Report"
https://atomizelink.icu/report/112209,https://chatrio.app/,chatrio.app,nofollow,5,40,"IP +11; Mirror Pages +11; +2 more","Domain Report"
https://blogsphere.top/stats/112209,https://chatrio.app/,chatrio.app,nofollow,5,40,"IP +11; Mirror Pages +11; +2 more","Website Stats"
https://creativeposts.top/stats/112209,https://chatrio.app/,chatrio.app,nofollow,5,40,"IP +11; Mirror Pages +11; +2 more","Website Stats"
https://shortenurls.eu/share/112209,https://chatrio.app/,chatrio.app,nofollow,5,40,"IP +11; Mirror Pages +11; +2 more","URL Shared"
https://bye.fyi/report/112209,https://chatrio.app/,chatrio.app,nofollow,21,36,"IP +11; Mirror Pages +11; +2 more","Domain Report"
https://fiverr-affordable-seo-services.site/after-fiverr-niche-edits-my-traffics-doubled/,https://chatrio.app/,"Fiverr helped my chatrio.app rank for over 50 competitive keywords remarkably",nofollow,2,28,,"After Fiverr Niche Edits, My Traffic Doubled!"
