Directory,Tier,URL,Category,DR,Dofollow,Week,Submission Date,Status,Live URL,Backlink Verified,Positioning Variant Used,Tags Used,Notes
AlternativeTo,2,https://alternativeto.net/software/_/add/,SaaS/Alternative,79,No,1,,Draft,,,SaaS-A,,"List as alternative to Omegle, Chatroulette, Emerald Chat, Chatspin"
SaaSHub,2,https://saashub.com/submit,SaaS/Alternative,77,Yes,1,,Draft,,,SaaS-B,,
SourceForge,2,https://sourceforge.net/user/register,SaaS,92,Yes,1,,Draft,,,SaaS-A,,Trivial to list, high DR
Slashdot,2,https://slashdot.org/submission,SaaS,88,Yes,1,,Draft,,,SaaS-A,,
Slant,2,https://www.slant.co,SaaS,75,Yes,1,,Draft,,,SaaS-C,,"Answer 'what is the best Omegle alternative' question"
Indie Hackers,2,https://www.indiehackers.com,Startup,76,Yes,1,,Draft,,,Launch,,Product page + build-in-public post
Feedspot,11,https://www.feedspot.com,Blog directory,80,Yes,1,,Draft,,,N/A,,Submit the chatrio.app/blog
Dev.to,8,https://dev.to,Tech/Content,90,Yes,1,,Draft,,,Dev,,"Cross-post a technical build post (react-snap/prerender, SPA architecture) w/ canonical back to blog"
Substack,8,https://substack.com,Newsletter,93,Yes,1,,Draft,,,Launch,,Optional mirror of top posts
Scoop.it,12,https://www.scoop.it,Curation,91,Yes,1,,Draft,,,N/A,,Quick win, low effort
Diigo,12,https://www.diigo.com,Bookmarking,85,Yes,1,,Draft,,,N/A,,Quick win, low effort
Pearltrees,12,https://www.pearltrees.com,Bookmarking,84,Yes,1,,Draft,,,N/A,,Quick win, low effort
Startup Stash,2,https://startupstash.com/submit,Startup,50,Yes,2,,Draft,,,Launch,,
SideProjectors,2,https://www.sideprojectors.com/project/new,Startup,35,Yes,2,,Draft,,,Launch,,
F6S,2,https://www.f6s.com/company/create,Startup,65,Yes,2,,Draft,,,Launch,,
Today Launches,2,https://todaylaunches.com,Startup,60,Yes,2,,Draft,,,Launch,,
Feedough,2,https://www.feedough.com,Startup,55,Yes,2,,Draft,,,Launch,,
StartUs,2,https://startus.cc,Startup,62,Yes,2,,Draft,,,Launch,,
Startup Fame,2,https://startupfa.me,Startup,77,Yes,2,,Draft,,,Launch,,
Tech.co,2,https://tech.co,Startup,80,Yes,2,,Draft,,,Launch,,
TheSaaSDirectory,2,https://thesaasdirectory.com,SaaS,88,Yes,2,,Draft,,,SaaS-B,,
Listicle outreach batch 1 (10 targets),6,N/A,Editorial,40-70,Yes,2,,Draft,,,Outreach,,"Cold outreach to existing 'best Omegle alternatives 2026' / 'best random chat apps' posts on other sites -- see outreach list below"
Reddit r/omegle r/chatting r/MakeNewFriendsHere,10,https://reddit.com,Community,N/A,No,2,,Draft,,,Community,,"90/10 rule -- genuine participation only, mention chatrio when organically relevant"
BusinessHunt,2,https://businesshunt.co,Startup,43,Yes,3,,Draft,,,Launch,,
FiveTaco,2,https://fivetaco.com,SaaS,47,Yes,3,,Draft,,,SaaS-B,,
TrustMRR,2,https://trustmrr.com,Startup,40,Yes,3,,Draft,,,Launch,,
Open Launch,2,https://open-launch.com,Startup,55,Yes,3,,Draft,,,Launch,,
Business Software,2,https://www.business-software.com,SaaS,49,Yes,3,,Draft,,,SaaS-B,,
PRLog,11,https://www.prlog.org,Press release,80,Yes,3,,Draft,,,PR,,"Hook: Circles proximity chat feature, or a usage/traffic milestone"
OpenPR,11,https://www.openpr.com,Press release,72,Yes,3,,Draft,,,PR,,
PR.com,11,https://www.pr.com,Press release,77,Yes,3,,Draft,,,PR,,
Product Hunt,1,https://producthunt.com/posts/new,Launch,91,Yes,optional,,Draft,,,Launch,,"BLOCKED until screenshots + demo video exist. Frame launch around Circles (new proximity chat) not the base product (already 2yrs live)."
BetaList,1,https://betalist.com/submit,Launch,64,Yes,optional,,Draft,,,Launch,,Same blocker as PH
